{
    "arms":
    [
        {
            "name": "PSM1",
            "plug-number": 3,
            "serial": "SE054268",
            "primary-offsets": [-0.043675, -2.3642, -3.0699, 3.068, -3.0613, -3.0712];
            "primary-scales": [0.00027819, 0.0011544, 0.001499, -0.0014988, 0.0014943, 0.0014989];
            "secondary-offsets": [-0.044521, -2.3689, -3.0687, 3.0611, -3.0717, -3.0692];
            "secondary-scales": [0.00027826, 0.0011544, 0.0014972, -0.0014935, 0.0014991, 0.001498];
	}
	,
        {
            "name": "PSM2",
            "plug-number": 1,
            "serial": "SE054270",
            "primary-offsets": [-0.043675, -2.3642, -3.0699, 3.068, -3.0613, -3.0712];
            "primary-scales": [0.00027819, 0.0011544, 0.001499, -0.0014988, 0.0014943, 0.0014989];
            "secondary-offsets": [-0.044521, -2.3689, -3.0687, 3.0611, -3.0717, -3.0692];
            "secondary-scales": [0.00027826, 0.0011544, 0.0014972, -0.0014935, 0.0014991, 0.001498];
	}
	,
        {
            "name": "PSM3",
            "plug-number": 4,
            "serial": "SE054271"
            "primary-offsets": [-0.043675, -2.3642, -3.0699, 3.068, -3.0613, -3.0712];
            "primary-scales": [0.00027819, 0.0011544, 0.001499, -0.0014988, 0.0014943, 0.0014989];
            "secondary-offsets": [-0.044521, -2.3689, -3.0687, 3.0611, -3.0717, -3.0692];
            "secondary-scales": [0.00027826, 0.0011544, 0.0014972, -0.0014935, 0.0014991, 0.001498];
	}
	,
        {
            "name": "ECM",
            "plug-number": 2,
            "serial": "SE054269",
            "primary-offsets": [-0.043675, -2.3642, -3.0699, 3.068, -3.0613, -3.0712];
            "primary-scales": [0.00027819, 0.0011544, 0.001499, -0.0014988, 0.0014943, 0.0014989];
            "secondary-offsets": [-0.044521, -2.3689, -3.0687, 3.0611, -3.0717, -3.0692];
            "secondary-scales": [0.00027826, 0.0011544, 0.0014972, -0.0014935, 0.0014991, 0.001498];
	}
    ]
}
